{
  "canvas": {
    "width": 512,
    "height": 1536
  },
  "poses": [
    {
      "nose": [
        141.58679484327638,
        250.4087218095858
      ],
      "neck": [
        244.5076518779,
        392.3685246159632
      ],
      "r_shoulder": [
        169.97875540455186,
        390.0025279025235
      ],
      "r_elbow": [
        132.1228079895178,
        593.4782452583313
      ],
      "r_wrist": [
        82.43687700728572,
        742.5360382050276
      ],
      "l_shoulder": [
        319.03654835124814,
        394.7345213294029
      ],
      "l_elbow": [
        368.72247933348035,
        595.8442419717708
      ],
      "l_wrist": [
        406.5784267485142,
        768.5620020528636
      ],
      "r_hip": [
        177.07674554487073,
        744.902034918467
      ],
      "r_knee": [
        179.44274225831032,
        1073.7755780865748
      ],
      "r_ankle": [
        172.34475211799145,
        1407.3811146815615
      ],
      "l_hip": [
        290.64458778997255,
        740.1700414915881
      ],
      "l_knee": [
        321.40254506468773,
        1069.0435846596956
      ],
      "l_ankle": [
        390.01644975443696,
        1397.9171278278036
      ],
      "r_eye": [
        134.4888047029575,
        224.38275796175003
      ],
      "l_eye": [
        167.61275869111216,
        217.28476782143116
      ],
      "r_ear": [
        158.1487718373537,
        238.57873824238777
      ],
      "l_ear": [
        257.5206338018179,
        224.38275796175003
      ]
    },
    {
      "nose": [
        265.13651655614376,
        255.83343881368637
      ],
      "neck": [
        260.5378964692354,
        404.13893661648035
      ],
      "r_shoulder": [
        168.5654947310686,
        405.28859163820744
      ],
      "r_elbow": [
        122.5792938619852,
        577.7368448972702
      ],
      "r_wrist": [
        161.6675646007061,
        697.300967156887
      ],
      "l_shoulder": [
        352.51029820740223,
        402.98928159475327
      ],
      "l_elbow": [
        398.49649907648563,
        566.2402946799994
      ],
      "l_wrist": [
        380.1020187288523,
        692.7023470699787
      ],
      "r_hip": [
        205.35445542633533,
        773.1781985908747
      ],
      "r_knee": [
        214.55169560015202,
        1067.4898841530085
      ],
      "r_ankle": [
        196.15721525251865,
        1398.590530410409
      ],
      "l_hip": [
        336.41512790322304,
        766.2802684605122
      ],
      "l_knee": [
        324.9185776859522,
        1067.4898841530085
      ],
      "l_ankle": [
        320.31995759904385,
        1396.2912203669548
      ],
      "r_eye": [
        239.8441060781479,
        235.13964842259884
      ],
      "l_eye": [
        290.42892703413963,
        235.13964842259884
      ],
      "r_ear": [
        198.45652529597282,
        253.5341287702322
      ],
      "l_ear": [
        322.619267642498,
        251.23481872677803
      ]
    },
    {
      "nose": [
        266.5826352487006,
        245.91820714871096
      ],
      "neck": [
        268.8913542454443,
        401.75673942888784
      ],
      "r_shoulder": [
        178.8513133724532,
        407.5285369207463
      ],
      "r_elbow": [
        139.6030904278159,
        580.6824616764984
      ],
      "r_wrist": [
        188.0861893594265,
        580.6824616764984
      ],
      "l_shoulder": [
        358.9313951184354,
        395.98494193702936
      ],
      "l_elbow": [
        405.1057750533023,
        566.8301476960382
      ],
      "l_wrist": [
        361.2401141151786,
        569.1388666927814
      ],
      "r_hip": [
        213.48209832360362,
        742.2927914485335
      ],
      "r_knee": [
        218.09953631709004,
        1058.587294002374
      ],
      "r_ankle": [
        158.07284240176295,
        1395.660267526905
      ],
      "l_hip": [
        345.0790811379752,
        737.6753534550467
      ],
      "l_knee": [
        342.77036214123154,
        1051.6611370121439
      ],
      "l_ankle": [
        342.77036214123154,
        1381.8079535464449
      ],
      "r_eye": [
        238.8780072877803,
        229.75717417150736
      ],
      "l_eye": [
        289.6698252161343,
        225.1397361780207
      ],
      "r_ear": [
        201.93850333988667,
        255.15308313568426
      ],
      "l_ear": [
        324.30061016728496,
        248.22692614545417
      ]
    },
    {
      "nose": [
        307.26981327186013,
        251.7362011745572
      ],
      "neck": [
        293.14313911149907,
        404.7751712451379
      ],
      "r_shoulder": [
        203.67420276254416,
        404.7751712451379
      ],
      "r_elbow": [
        161.29418028146029,
        583.7130439430475
      ],
      "r_wrist": [
        166.00307166824769,
        727.3342312400539
      ],
      "l_shoulder": [
        382.612075460454,
        404.7751712451379
      ],
      "l_elbow": [
        422.63765224814415,
        569.5863697826862
      ],
      "l_wrist": [
        394.38430392742157,
        687.3086544523637
      ],
      "r_hip": [
        224.8642140030861,
        772.0686994145315
      ],
      "r_knee": [
        229.5731053898735,
        1078.1466395556927
      ],
      "r_ankle": [
        130.686386267344,
        1379.5156883100667
      ],
      "l_hip": [
        352.0042814463377,
        767.3598080277443
      ],
      "l_knee": [
        328.45982451240207,
        1078.1466395556927
      ],
      "l_ankle": [
        302.5609218850732,
        1391.2879167770348
      ],
      "r_eye": [
        279.01646495113755,
        228.19174424062157
      ],
      "l_eye": [
        330.81427020579576,
        230.54618993401527
      ],
      "r_ear": [
        236.63644247005368,
        249.3817554811635
      ],
      "l_ear": [
        363.7765099133053,
        251.7362011745572
      ]
    },
    {
      "nose": [
        370.78190183639526,
        250.4505010843277
      ],
      "neck": [
        277.0852652788162,
        377.78182768821716
      ],
      "r_shoulder": [
        257.86544239521027,
        370.57439410686493
      ],
      "r_elbow": [
        236.24314165115356,
        565.1751008033752
      ],
      "r_wrist": [
        329.9397782087326,
        704.5188167095184
      ],
      "l_shoulder": [
        296.3050881624222,
        384.9892612695694
      ],
      "l_elbow": [
        298.7075660228729,
        586.797401547432
      ],
      "l_wrist": [
        334.7447339296341,
        711.7262502908707
      ],
      "r_hip": [
        231.43818593025208,
        738.1535067558289
      ],
      "r_knee": [
        257.86544239521027,
        1072.0979293584824
      ],
      "r_ankle": [
        209.81588518619537,
        1406.0423519611359
      ],
      "l_hip": [
        262.67039811611176,
        738.1535067558289
      ],
      "l_knee": [
        289.09765458106995,
        1067.2929736375809
      ],
      "l_ankle": [
        180.98615086078644,
        1386.82252907753
      ],
      "r_eye": [
        349.15960109233856,
        219.21828889846802
      ],
      "l_eye": [
        370.78190183639526,
        221.62076675891876
      ],
      "r_ear": [
        274.6827874183655,
        226.42572247982025
      ],
      "l_ear": [
        325.1348224878311,
        228.828200340271
      ]
    },
    {
      "nose": [
        268.544684494535,
        240.91976874818397
      ],
      "neck": [
        265.0468257951238,
        395.9915044220786
      ],
      "r_shoulder": [
        177.60035830984498,
        394.82555152227496
      ],
      "r_elbow": [
        142.62177131573344,
        562.7227690940103
      ],
      "r_wrist": [
        93.65174952397729,
        709.6328344692788
      ],
      "l_shoulder": [
        352.49329328040267,
        397.15745732188225
      ],